{
  "type": "baseline",
  "models": {
    "meta-llama/Llama-3.2-3B": {
      "google/IFEval/prompt_strict_acc": 0.16081330868761554,
      "google/IFEval/prompt_strict_stderr": 0.015808599888607115,
      "google/IFEval/prompt_loose_acc": 0.17929759704251386,
      "google/IFEval/prompt_loose_stderr": 0.016507572265663423,
      "google/IFEval/inst_strict_acc": 0.2673860911270983,
      "google/IFEval/inst_strict_stderr": 0.01563203440162493,
      "google/IFEval/inst_loose_acc": 0.29376498800959233,
      "google/IFEval/inst_loose_stderr": 0.016078399908147963,
      "google/IFEval/final_acc": 0.225315496216705,
      "google/IFEval/final_stderr": 0.014698247971966755,
      "openai/gsm8k/accuracy": 0.09021986353297953,
      "openai/gsm8k/stderr": 0.007891537108450043,
      "openai/openai_humaneval/accuracy": 0.006097560975609756,
      "openai/openai_humaneval/stderr": 0.006097560975609757
    }
  }
}