{
  "type": "baseline",
  "models": {
    "meta-llama/Llama-3.2-3B": {
      "google/IFEval/prompt_strict_acc": 0.16266173752310537,
      "google/IFEval/prompt_strict_stderr": 0.0158816745472322,
      "google/IFEval/prompt_loose_acc": 0.17929759704251386,
      "google/IFEval/prompt_loose_stderr": 0.016507572265663423,
      "google/IFEval/inst_strict_acc": 0.2733812949640288,
      "google/IFEval/inst_strict_stderr": 0.015734539311899973,
      "google/IFEval/inst_loose_acc": 0.2973621103117506,
      "google/IFEval/inst_loose_stderr": 0.016145734863488036,
      "google/IFEval/final_acc": 0.22817568496034962,
      "google/IFEval/final_stderr": 0.014772202319630296,
      "openai/gsm8k/accuracy": 0.09097801364670205,
      "openai/gsm8k/stderr": 0.007921322844013584,
      "openai/openai_humaneval/accuracy": 0.006097560975609756,
      "openai/openai_humaneval/stderr": 0.006097560975609757
    },
    "meta-llama/Llama-3.2-1B": {
      "google/IFEval/prompt_strict_acc": 0.1423290203327172,
      "google/IFEval/prompt_strict_stderr": 0.015035234562202742,
      "google/IFEval/prompt_loose_acc": 0.16635859519408502,
      "google/IFEval/prompt_loose_stderr": 0.016025639930548306,
      "google/IFEval/inst_strict_acc": 0.2745803357314149,
      "google/IFEval/inst_strict_stderr": 0.015548522527078288,
      "google/IFEval/inst_loose_acc": 0.30335731414868106,
      "google/IFEval/inst_loose_stderr": 0.016266769298622297,
      "google/IFEval/final_acc": 0.22165631635172453,
      "google/IFEval/final_stderr": 0.014125324197929638,
      "openai/gsm8k/accuracy": 0.025018953752843062,
      "openai/gsm8k/stderr": 0.004302045046564227,
      "openai/openai_humaneval/accuracy": 0.0,
      "openai/openai_humaneval/stderr": 0.0
    },
    "meta-llama/Llama-3.1-8B": {
      "google/IFEval/prompt_strict_acc": 0.1589648798521257,
      "google/IFEval/prompt_strict_stderr": 0.015734783762341276,
      "google/IFEval/prompt_loose_acc": 0.17929759704251386,
      "google/IFEval/prompt_loose_stderr": 0.016507572265663423,
      "google/IFEval/inst_strict_acc": 0.2589928057553957,
      "google/IFEval/inst_strict_stderr": 0.01534871914337501,
      "google/IFEval/inst_loose_acc": 0.28177458033573144,
      "google/IFEval/inst_loose_stderr": 0.015947965091861617,
      "google/IFEval/final_acc": 0.21975746574644167,
      "google/IFEval/final_stderr": 0.0146815294232192,
      "openai/gsm8k/accuracy": 0.1068991660348749,
      "openai/gsm8k/stderr": 0.008510982565520518,
      "openai/openai_humaneval/accuracy": 0.0,
      "openai/openai_humaneval/stderr": 0.0
    }
  }
}